mu_class1_element1,mu_class1_element2,mu_class2_element1,mu_class2_element2,mu_class3_element1,mu_class3_element2,Sigma_class1_element11,Sigma_class1_element12,Sigma_class1_element21,Sigma_class1_element22,Sigma_class2_element11,Sigma_class2_element12,Sigma_class2_element21,Sigma_class2_element22,Sigma_class3_element11,Sigma_class3_element12,Sigma_class3_element21,Sigma_class3_element22
0.6033304929733276,0.7547785043716431,2.109508991241455,1.658963680267334,1.3085148334503174,1.3288190364837646,3.4064252376556396,3.473808765411377,3.473808526992798,3.9545440673828125,3.398787260055542,0.5375403761863708,0.5375403761863708,0.37807443737983704,0.20807409286499023,0.10875099152326584,0.10875098407268524,0.5534483790397644
0.8460782170295715,0.25449126958847046,-0.6621384620666504,1.1818077564239502,1.9927992820739746,1.9972635507583618,28.705690383911133,1.7461602687835693,1.7461599111557007,0.3762407600879669,1.8380604982376099,-0.13036787509918213,-0.13036787509918213,0.6973442435264587,1.3805491924285889,0.5087328553199768,0.5087328553199768,0.503944456577301
-5.46280574798584,2.8830933570861816,-3.3658506870269775,-11.619904518127441,13.205010414123535,13.940723419189453,0.0022288525942713022,-0.0001663816365180537,-0.00016638162196613848,0.0010245074518024921,0.010463185608386993,0.0018427425529807806,0.001842742902226746,0.0014418276259675622,0.004810050595551729,-0.0017198267159983516,-0.0017198267159983516,0.003594405250623822
-6.065518379211426,2.310373067855835,-3.98374605178833,-11.280556678771973,11.74209213256836,13.147793769836426,0.002571478020399809,-0.00023025648260954767,-0.00023025648260954767,0.0015937566058710217,0.009095053188502789,-8.460281242150813e-05,-8.460281242150813e-05,0.003856068244203925,0.0032456745393574238,0.00010836299043148756,0.00010836299043148756,0.002365958644077182
