lambda_Lambda_class1_element11,lambda_Lambda_class1_element12,lambda_Lambda_class1_element21,lambda_Lambda_class1_element22,lambda_Lambda_class2_element11,lambda_Lambda_class2_element12,lambda_Lambda_class2_element21,lambda_Lambda_class2_element22,lambda_Lambda_class3_element11,lambda_Lambda_class3_element12,lambda_Lambda_class3_element21,lambda_Lambda_class3_element22
11.58897590637207,2.5920777320861816,2.5920774936676025,22.841388702392578,7.064802646636963,-8.960610389709473,-8.960611343383789,57.6343994140625,28.873214721679688,16.060829162597656,16.060829162597656,31.560840606689453
63.531898498535156,-26.134780883789062,-26.134780883789062,89.77350616455078,16.56915855407715,-7.38753604888916,-7.387537002563477,59.565269470214844,46.215576171875,-11.268106460571289,-11.26810359954834,71.79959106445312
