pi_class1,pi_class2,pi_class3
0.4083678126335144,0.377721905708313,0.21391035616397858
0.2061954140663147,0.15042857825756073,0.6433759331703186
0.002177555114030838,0.2173798531293869,0.7804425954818726
0.10592611134052277,0.08738776296377182,0.8066861629486084
