lambda_mu_class1_element1,lambda_mu_class1_element2,lambda_mu_class2_element1,lambda_mu_class2_element2,lambda_mu_class3_element1,lambda_mu_class3_element2
-5.3705267906188965,2.309983253479004,-3.21278715133667,-11.47372817993164,12.77241325378418,13.899209976196289
377.9759826660156,-615.435302734375,114.71247100830078,-258.2960510253906,92.5881118774414,124.40372467041016
