lambda_nu_class1,lambda_nu_class2,lambda_nu_class3
41.08727264404297,10.808469772338867,15.492456436157227
27.26421356201172,42.6375732421875,55.77080535888672
