lambda_pi_class1,lambda_pi_class2,lambda_pi_class3
0.4169180393218994,2.8311855792999268,4.8598480224609375
12.091861724853516,19.233545303344727,2.1589314937591553
